-- phpMyAdmin SQL Dump
-- version 4.7.4
-- https://www.phpmyadmin.net/
--
-- Servidor: 127.0.0.1
-- Tiempo de generación: 28-06-2018 a las 06:59:52
-- Versión del servidor: 5.7.18-log
-- Versión de PHP: 7.1.11

SET SQL_MODE = "NO_AUTO_VALUE_ON_ZERO";
SET AUTOCOMMIT = 0;
START TRANSACTION;
SET time_zone = "+00:00";


/*!40101 SET @OLD_CHARACTER_SET_CLIENT=@@CHARACTER_SET_CLIENT */;
/*!40101 SET @OLD_CHARACTER_SET_RESULTS=@@CHARACTER_SET_RESULTS */;
/*!40101 SET @OLD_COLLATION_CONNECTION=@@COLLATION_CONNECTION */;
/*!40101 SET NAMES utf8mb4 */;

--
-- Base de datos: `laravelvoztrapk`
--

--
-- Volcado de datos para la tabla `subregions`
--

INSERT INTO `subregions` (`id`, `nombre`) VALUES
(1, 'Todas las regiones'),
(2, 'Valle de Aburrá'),
(3, 'Bajo Cauca'),
(4, 'Magdalena Medio'),
(5, 'Nordeste'),
(6, 'Norte'),
(7, 'Occidente'),
(8, 'Oriente'),
(9, 'Suroeste'),
(10, 'Urabá');

--
-- Volcado de datos para la tabla `zonas`
--

INSERT INTO `zonas` (`id`, `nombre`, `created_at`, `updated_at`) VALUES
(1, 'Zona 1', '2017-12-05 16:56:33', '2017-12-05 16:56:33'),
(2, 'Zona 2', '2017-12-05 16:56:49', '2017-12-05 16:56:49'),
(3, 'Zona 3', '2017-12-05 16:56:59', '2017-12-05 16:56:59'),
(4, 'Zona 4', '2017-12-05 16:57:08', '2017-12-05 16:57:08'),
(5, 'Zona 5', '2017-12-05 16:57:16', '2017-12-05 16:57:16'),
(6, 'Zona 6', '2017-12-05 16:57:23', '2017-12-05 16:57:23'),
(7, 'Zona 7', '2017-12-05 16:57:30', '2017-12-05 16:57:30');

--
-- Volcado de datos para la tabla `comunas`
--

INSERT INTO `comunas` (`id`, `nombre`, `created_at`, `updated_at`, `zona_id`) VALUES
(1, 'Comuna 1 - Popular', NULL, NULL, 1),
(2, 'Comuna 2 - Santa Cruz', NULL, NULL, 1),
(3, 'Comuna 3 - Manrique', NULL, NULL, 1),
(4, 'Comuna 4 - Aranjuez', NULL, NULL, 1),
(5, 'Comuna 5 - Castilla', NULL, NULL, 2),
(6, 'Comuna 6 - Doce de octubre', NULL, NULL, 2),
(7, 'Comuna 7 - Robledo', NULL, NULL, 2),
(8, 'Comuna 8 - Villa Hermosa', NULL, NULL, 3),
(9, 'Comuna 9 - Buenos Aires', NULL, NULL, 3),
(10, 'Comuna 10 - La Candelaria', NULL, NULL, 3),
(11, 'Comuna 11 - Laureles-Estadio', NULL, NULL, 4),
(12, 'Comuna 12 - La América', NULL, NULL, 4),
(13, 'Comuna 13 - San Javier', NULL, NULL, 4),
(14, 'Comuna 14 - Poblado', NULL, NULL, 5),
(15, 'Comuna 15 - Guayabal', NULL, NULL, 6),
(16, 'Comuna 16 - Belén', NULL, NULL, 6),
(17, 'San Sebastián de Palmitas', NULL, NULL, 7),
(18, 'San Cristóbal', NULL, NULL, 7),
(19, 'Altavista', NULL, NULL, 7),
(20, 'San Antonio de Prado', NULL, NULL, 7),
(21, 'Santa Elena', NULL, NULL, 7);

--
-- Volcado de datos para la tabla `municipios`
--

INSERT INTO `municipios` (`id`, `nombre`, `id_subregion`, `poblacion`, `created_at`, `updated_at`) VALUES
(1, 'Todos los municipios', 1, 0, NULL, NULL),
(2, 'Medellín', 2, 2500001, NULL, NULL),
(3, 'Barbosa', 2, 0, NULL, NULL),
(4, 'Girardota', 2, 0, NULL, NULL),
(5, 'Bello', 2, 0, NULL, NULL),
(6, 'Copacabana', 2, 0, NULL, NULL),
(7, 'Envigado', 2, 0, NULL, NULL),
(8, 'Itagüí', 2, 0, NULL, NULL),
(9, 'La Estrella', 2, 0, NULL, NULL),
(10, 'Sabaneta', 2, 0, NULL, NULL),
(11, 'Caldas', 2, 0, NULL, NULL),
(12, 'Cáceres', 3, 0, NULL, NULL),
(13, 'Caucasia', 3, 0, NULL, NULL),
(14, 'El Bagre', 3, 0, NULL, NULL),
(15, 'Nechí', 3, 0, NULL, NULL),
(16, 'Tarazá', 3, 0, NULL, NULL),
(17, 'Zaragoza', 3, 0, NULL, NULL),
(18, 'Puerto Berrío', 4, 0, NULL, NULL),
(19, 'Puerto Nare', 4, 0, NULL, NULL),
(20, 'Puerto Triunfo', 4, 0, NULL, NULL),
(21, 'Yondó', 4, 0, NULL, NULL),
(22, 'Caracolí', 4, 0, NULL, NULL),
(23, 'Maceo', 4, 0, NULL, NULL),
(24, 'Cisneros', 5, 0, NULL, NULL),
(25, 'San Roque', 5, 0, NULL, NULL),
(26, 'Santo Domingo', 5, 0, NULL, NULL),
(27, 'Amalfi', 5, 0, NULL, NULL),
(28, 'Vegachí', 5, 0, NULL, NULL),
(29, 'Yalí', 5, 0, NULL, NULL),
(30, 'Yolombó', 5, 0, NULL, NULL),
(31, 'Segovia', 5, 0, NULL, NULL),
(32, 'Remedios', 5, 0, NULL, NULL),
(33, 'Anorí', 5, 0, NULL, NULL),
(34, 'Carolina del Príncipe', 6, 0, NULL, NULL),
(35, 'Gómez Plata', 6, 0, NULL, NULL),
(36, 'Guadalupe', 6, 0, NULL, NULL),
(37, 'Angostura', 6, 0, NULL, NULL),
(38, 'Briceńo', 6, 0, NULL, NULL),
(39, 'Campamento', 6, 0, NULL, NULL),
(40, 'Valdivia', 6, 0, NULL, NULL),
(41, 'Yarumal', 6, 0, NULL, NULL),
(42, 'Belmira', 6, 0, NULL, NULL),
(43, 'Donmatías', 6, 0, NULL, NULL),
(44, 'Entrerríos', 6, 0, NULL, NULL),
(45, 'San José de la Montańa', 6, 0, NULL, NULL),
(46, 'San Pedro de los Milagros', 6, 0, NULL, NULL),
(47, 'Santa Rosa de Osos', 6, 0, NULL, NULL),
(48, 'Ituango', 6, 0, NULL, NULL),
(49, 'San Andrés de Cuerquia', 6, 0, NULL, NULL),
(50, 'Toledo', 6, 0, NULL, NULL),
(51, 'Abriaquí', 7, 0, NULL, NULL),
(52, 'Cańasgordas', 7, 0, NULL, NULL),
(53, 'Dabeiba', 7, 0, NULL, NULL),
(54, 'Frontino', 7, 0, NULL, NULL),
(55, 'Peque', 7, 0, NULL, NULL),
(56, 'Uramita', 7, 0, NULL, NULL),
(57, 'Anzá', 7, 0, NULL, NULL),
(58, 'Armenia', 7, 0, NULL, NULL),
(59, 'Buriticá', 7, 0, NULL, NULL),
(60, 'Caicedo', 7, 0, NULL, NULL),
(61, 'Ebéjico', 7, 0, NULL, NULL),
(62, 'Giraldo', 7, 0, NULL, NULL),
(63, 'Heliconia', 7, 0, NULL, NULL),
(64, 'Liborina', 7, 0, NULL, NULL),
(65, 'Olaya', 7, 0, NULL, NULL),
(66, 'Sabanalarga', 7, 0, NULL, NULL),
(67, 'San Jerónimo', 7, 0, NULL, NULL),
(68, 'Santa Fe de Antioquia', 7, 0, NULL, NULL),
(69, 'Sopetrán', 7, 0, NULL, NULL),
(70, 'Abejorral', 8, 0, NULL, NULL),
(71, 'Argelia', 8, 0, NULL, NULL),
(72, 'Narińo', 8, 0, NULL, NULL),
(73, 'Sonsón', 8, 0, NULL, NULL),
(74, 'Alejandría', 8, 0, NULL, NULL),
(75, 'Concepción', 8, 0, NULL, NULL),
(76, 'El Peńol', 8, 0, NULL, NULL),
(77, 'Guatapé', 8, 0, NULL, NULL),
(78, 'Granada', 8, 0, NULL, NULL),
(79, 'San Carlos', 8, 0, NULL, NULL),
(80, 'San Rafael', 8, 0, NULL, NULL),
(81, 'Cocorná', 8, 0, NULL, NULL),
(82, 'San Francisco', 8, 0, NULL, NULL),
(83, 'San Luis', 8, 0, NULL, NULL),
(84, 'El Carmen de Viboral', 8, 0, NULL, NULL),
(85, 'El Retiro', 8, 0, NULL, NULL),
(86, 'El Santuario', 8, 0, NULL, NULL),
(87, 'Guarne', 8, 0, NULL, NULL),
(88, 'La Ceja del Tambo', 8, 0, NULL, NULL),
(89, 'La Unión', 8, 0, NULL, NULL),
(90, 'Marinilla', 8, 0, NULL, NULL),
(91, 'Rionegro', 8, 0, NULL, NULL),
(92, 'San Vicente Ferrer', 8, 0, NULL, NULL),
(93, 'Amagá', 9, 0, NULL, NULL),
(94, 'Angelópolis', 9, 0, NULL, NULL),
(95, 'Fredonia', 9, 0, NULL, NULL),
(96, 'Venecia', 9, 0, NULL, NULL),
(97, 'Titiribí', 9, 0, NULL, NULL),
(98, 'Andes', 9, 0, NULL, NULL),
(99, 'Betania', 9, 0, NULL, NULL),
(100, 'Ciudad Bolívar', 9, 0, NULL, NULL),
(101, 'Hispania', 9, 0, NULL, NULL),
(102, 'Jardín', 9, 0, NULL, NULL),
(103, 'Betulia', 9, 0, NULL, NULL),
(104, 'Concordia', 9, 0, NULL, NULL),
(105, 'Salgar', 9, 0, NULL, NULL),
(106, 'Urrao', 9, 0, NULL, NULL),
(107, 'Caramanta', 9, 0, NULL, NULL),
(108, 'Jericó', 9, 0, NULL, NULL),
(109, 'La Pintada', 9, 0, NULL, NULL),
(110, 'Montebello', 9, 0, NULL, NULL),
(111, 'Pueblorrico', 9, 0, NULL, NULL),
(112, 'Santa Bárbara', 9, 0, NULL, NULL),
(113, 'Támesis', 9, 0, NULL, NULL),
(114, 'Tarso', 9, 0, NULL, NULL),
(115, 'Valparaíso', 9, 0, NULL, NULL),
(116, 'Apartadó', 10, 0, NULL, NULL),
(117, 'Carepa', 10, 0, NULL, NULL),
(118, 'Chigorodó', 10, 0, NULL, NULL),
(119, 'Mutatá', 10, 0, NULL, NULL),
(120, 'Turbo', 10, 0, NULL, NULL),
(121, 'Arboletes', 10, 0, NULL, NULL),
(122, 'Necoclí', 10, 0, NULL, NULL),
(123, 'San Juan de Urabá', 10, 0, NULL, NULL),
(124, 'San Pedro de Urabá', 10, 0, NULL, NULL),
(125, 'Murindó', 10, 0, NULL, NULL),
(126, 'Vigía del Fuerte', 10, 0, NULL, NULL);

--
-- Volcado de datos para la tabla `barrios`
--

INSERT INTO `barrios` (`id`, `comuna_id`, `nombre`, `created_at`, `updated_at`) VALUES
(1, 1, 'Popular', NULL, NULL),
(2, 1, 'Santo Domingo Savio No. 1', NULL, NULL),
(3, 1, 'Santo Domingo Savio No. 2', NULL, NULL),
(4, 1, 'Granizal', NULL, NULL),
(5, 1, 'Moscú No. 2', NULL, NULL),
(6, 1, 'Villa Guadalupe', NULL, NULL),
(7, 1, 'San Pablo (Com.1)', NULL, NULL),
(8, 1, 'Aldea Pablo VI', NULL, NULL),
(9, 1, 'La Esperanza No. 2', NULL, NULL),
(10, 1, 'El Compromiso', NULL, NULL),
(11, 1, 'La Avanzada', NULL, NULL),
(12, 1, 'Carpinelo', NULL, NULL),
(13, 2, 'Santa Cruz', NULL, NULL),
(14, 2, 'La Isla', NULL, NULL),
(15, 2, 'El Playón de los Comuneros', NULL, NULL),
(16, 2, 'Pablo VI', NULL, NULL),
(17, 2, 'La Frontera', NULL, NULL),
(18, 2, 'La Francia C', NULL, NULL),
(19, 2, 'Andalucía', NULL, NULL),
(20, 2, 'Villa del Socorro', NULL, NULL),
(21, 2, 'Villa Niza', NULL, NULL),
(22, 2, 'Moscú No. 1', NULL, NULL),
(23, 2, 'La Rosa', NULL, NULL),
(24, 3, 'La Salle', NULL, NULL),
(25, 3, 'Las Granjas', NULL, NULL),
(26, 3, 'Campo Valdes No. 2', NULL, NULL),
(27, 3, 'Santa Inés', NULL, NULL),
(28, 3, 'El Raizal', NULL, NULL),
(29, 3, 'El Pomar', NULL, NULL),
(30, 3, 'Manrique Central No. 2', NULL, NULL),
(31, 3, 'Manrique Oriental', NULL, NULL),
(32, 3, 'Versalles No. 1', NULL, NULL),
(33, 3, 'Versalles No. 2', NULL, NULL),
(34, 3, 'La Cruz', NULL, NULL),
(35, 3, 'La Honda', NULL, NULL),
(36, 3, 'Oriente', NULL, NULL),
(37, 3, 'Maria Cano - Carambolas', NULL, NULL),
(38, 3, 'San José La Cima No. 1', NULL, NULL),
(39, 3, 'San José La Cima No. 2', NULL, NULL),
(40, 4, 'Aranjuez', NULL, NULL),
(41, 4, 'Berlín', NULL, NULL),
(42, 4, 'San Isidro', NULL, NULL),
(43, 4, 'Palermo', NULL, NULL),
(44, 4, 'Bermejal - Los Alamos', NULL, NULL),
(45, 4, 'Moravia', NULL, NULL),
(46, 4, 'Sevilla', NULL, NULL),
(47, 4, 'San Pedro', NULL, NULL),
(48, 4, 'Manrique Central No. 1', NULL, NULL),
(49, 4, 'Campo Valdes No. 1', NULL, NULL),
(50, 4, 'Las Esmeraldas', NULL, NULL),
(51, 4, 'La Piñuela', NULL, NULL),
(52, 4, 'Brasilia', NULL, NULL),
(53, 4, 'Miranda', NULL, NULL),
(54, 5, 'Castilla', NULL, NULL),
(55, 5, 'Toscana', NULL, NULL),
(56, 5, 'La Paralela', NULL, NULL),
(57, 5, 'Las Brisas', NULL, NULL),
(58, 5, 'Florencia', NULL, NULL),
(59, 5, 'Tejelo', NULL, NULL),
(60, 5, 'Boyacá', NULL, NULL),
(61, 5, 'Héctor Abad Gómez', NULL, NULL),
(62, 5, 'Belalcazar', NULL, NULL),
(63, 5, 'Girardot', NULL, NULL),
(64, 5, 'Tricentenario', NULL, NULL),
(65, 5, 'Francisco Antonio Zea', NULL, NULL),
(66, 5, 'Alfonso López', NULL, NULL),
(67, 5, 'Caribe', NULL, NULL),
(68, 5, 'El Progreso', NULL, NULL),
(69, 6, 'Doce de Octubre No. 1', NULL, NULL),
(70, 6, 'Doce de Octubre No. 2', NULL, NULL),
(71, 6, 'Santander', NULL, NULL),
(72, 6, 'Pedregal', NULL, NULL),
(73, 6, 'La Esperanza', NULL, NULL),
(74, 6, 'San Martín de Porres', NULL, NULL),
(75, 6, 'Kennedy', NULL, NULL),
(76, 6, 'Picacho', NULL, NULL),
(77, 6, 'Picachito', NULL, NULL),
(78, 6, 'Mirador del Doce', NULL, NULL),
(79, 6, 'Progreso No. 2', NULL, NULL),
(80, 6, 'El Triunfo', NULL, NULL),
(81, 7, 'Robledo', NULL, NULL),
(82, 7, 'El Volador', NULL, NULL),
(83, 7, 'San Germán', NULL, NULL),
(84, 7, 'Barrio Facultad de Minas', NULL, NULL),
(85, 7, 'La Pilarica', NULL, NULL),
(86, 7, 'Bosques de San Pablo', NULL, NULL),
(87, 7, 'Altamira', NULL, NULL),
(88, 7, 'Córdoba', NULL, NULL),
(89, 7, 'López de Mesa', NULL, NULL),
(90, 7, 'El Diamante', NULL, NULL),
(91, 7, 'Aures No. 1', NULL, NULL),
(92, 7, 'Aures No. 2', NULL, NULL),
(93, 7, 'Bello Horizonte', NULL, NULL),
(94, 7, 'Villa Flora', NULL, NULL),
(95, 7, 'Palenque', NULL, NULL),
(96, 7, 'Cucaracho', NULL, NULL),
(97, 7, 'Fuente Clara', NULL, NULL),
(98, 7, 'Santa Margarita', NULL, NULL),
(99, 7, 'Olaya Herrera', NULL, NULL),
(100, 7, 'Pajarito', NULL, NULL),
(101, 7, 'Monteclaro', NULL, NULL),
(102, 7, 'Villa de la Iguaná', NULL, NULL),
(103, 7, 'La Cuchilla', NULL, NULL),
(104, 8, 'Villa Hermosa', NULL, NULL),
(105, 8, 'La Mansión', NULL, NULL),
(106, 8, 'San Miguel', NULL, NULL),
(107, 8, 'La Ladera', NULL, NULL),
(108, 8, 'Batallón Girardot', NULL, NULL),
(109, 8, 'Llanaditas', NULL, NULL),
(110, 8, 'Los Mangos', NULL, NULL),
(111, 8, 'Enciso', NULL, NULL),
(112, 8, 'Sucre', NULL, NULL),
(113, 8, 'El Pinal', NULL, NULL),
(114, 8, 'Trece de Noviembre', NULL, NULL),
(115, 8, 'La Libertad', NULL, NULL),
(116, 8, 'Villatina', NULL, NULL),
(117, 8, 'San Antonio', NULL, NULL),
(118, 8, 'Las Estancias', NULL, NULL),
(119, 8, 'Villa Turbay', NULL, NULL),
(120, 8, 'La Sierra', NULL, NULL),
(121, 8, 'Villa Lilliam', NULL, NULL),
(122, 8, 'Quintas de la Playa', NULL, NULL),
(123, 8, 'Esfuerzos de Paz No. 1', NULL, NULL),
(124, 8, 'Esfuerzos de Paz No. 2', NULL, NULL),
(125, 9, 'Buenos Aires', NULL, NULL),
(126, 9, 'Juan Pablo II', NULL, NULL),
(127, 9, 'Barrios de Jesús', NULL, NULL),
(128, 9, 'Bomboná No. 2', NULL, NULL),
(129, 9, 'Los Cerros El Bergel', NULL, NULL),
(130, 9, 'Alejandro Echavarría', NULL, NULL),
(131, 9, 'Miraflores', NULL, NULL),
(132, 9, 'Cataluña', NULL, NULL),
(133, 9, 'La Milagrosa', NULL, NULL),
(134, 9, 'Gerona', NULL, NULL),
(135, 9, 'El Salvador', NULL, NULL),
(136, 9, 'Loreto', NULL, NULL),
(137, 9, 'Asomadera No. 1', NULL, NULL),
(138, 9, 'Asomadera No. 2', NULL, NULL),
(139, 9, 'Asomadera No. 3', NULL, NULL),
(140, 9, 'Asomadera No. 4', NULL, NULL),
(141, 10, 'La Candelaria', NULL, NULL),
(142, 10, 'Prado', NULL, NULL),
(143, 10, 'Jesús Nazareno', NULL, NULL),
(144, 10, 'El Chagualo', NULL, NULL),
(145, 10, 'Estación Villa', NULL, NULL),
(146, 10, 'San Benito', NULL, NULL),
(147, 10, 'Guayaqui', NULL, NULL),
(148, 10, 'Corazón de Jesús', NULL, NULL),
(149, 10, 'Calle Nueva', NULL, NULL),
(150, 10, 'Perpetuo Socorro', NULL, NULL),
(151, 10, 'Barrio Colón', NULL, NULL),
(152, 10, 'Las Palmas', NULL, NULL),
(153, 10, 'Bomboná No. 1', NULL, NULL),
(154, 10, 'Boston', NULL, NULL),
(155, 10, 'Los Ángeles', NULL, NULL),
(156, 10, 'Villa Nueva', NULL, NULL),
(157, 10, 'San Diego', NULL, NULL),
(158, 11, 'Los Conquistadores', NULL, NULL),
(159, 11, 'Laureles', NULL, NULL),
(160, 11, 'Carlos E. Restrepo', NULL, NULL),
(161, 11, 'Suramericana', NULL, NULL),
(162, 11, 'Naranjal', NULL, NULL),
(163, 11, 'San Joaquin', NULL, NULL),
(164, 11, 'Bolivariana', NULL, NULL),
(165, 11, 'Las Acacias', NULL, NULL),
(166, 11, 'La Castellana', NULL, NULL),
(167, 11, 'Lorena', NULL, NULL),
(168, 11, 'El Velódromo', NULL, NULL),
(169, 11, 'Estadio', NULL, NULL),
(170, 11, 'Los Colores', NULL, NULL),
(171, 11, 'Cuarta Brigada', NULL, NULL),
(172, 11, 'Florida Nueva', NULL, NULL),
(173, 12, 'La América', NULL, NULL),
(174, 12, 'Ferrini', NULL, NULL),
(175, 12, 'Calasanz', NULL, NULL),
(176, 12, 'Los Pinos', NULL, NULL),
(177, 12, 'La Floresta', NULL, NULL),
(178, 12, 'Santa Lucía', NULL, NULL),
(179, 12, 'El Danubio', NULL, NULL),
(180, 12, 'Campo Alegre', NULL, NULL),
(181, 12, 'Santa Mónica', NULL, NULL),
(182, 12, 'Barrio Cristóbal', NULL, NULL),
(183, 12, 'Simón Bolívar', NULL, NULL),
(184, 12, 'Santa Teresita', NULL, NULL),
(185, 12, 'Calasanz Parte Alta', NULL, NULL),
(186, 13, 'San Javier No. 1', NULL, NULL),
(187, 13, 'San Javier No. 2', NULL, NULL),
(188, 13, 'El Pesebre', NULL, NULL),
(189, 13, 'Blanquizal', NULL, NULL),
(190, 13, 'Santa Rosa de Lima', NULL, NULL),
(191, 13, 'Los Alcázares', NULL, NULL),
(192, 13, 'Metropolitano', NULL, NULL),
(193, 13, 'La Pradera', NULL, NULL),
(194, 13, 'Juan XXIII', NULL, NULL),
(195, 13, 'La Divisa', NULL, NULL),
(196, 13, 'Veinte de Julio', NULL, NULL),
(197, 13, 'Belencito', NULL, NULL),
(198, 13, 'Betania', NULL, NULL),
(199, 13, 'El Corazón', NULL, NULL),
(200, 13, 'Las Independencias', NULL, NULL),
(201, 13, 'Nuevos Conquistadores', NULL, NULL),
(202, 13, 'El Salado', NULL, NULL),
(203, 13, 'Eduardo Santos', NULL, NULL),
(204, 13, 'Peñitas', NULL, NULL),
(205, 13, 'Antonio Nariño', NULL, NULL),
(206, 13, 'El Socorro', NULL, NULL),
(207, 14, 'El Poblado', NULL, NULL),
(208, 14, 'Barrio Colombia', NULL, NULL),
(209, 14, 'Simesa', NULL, NULL),
(210, 14, 'Villa Carlota', NULL, NULL),
(211, 14, 'Castropol', NULL, NULL),
(212, 14, 'Lalinde', NULL, NULL),
(213, 14, 'Las Lomas No. 1', NULL, NULL),
(214, 14, 'Las Lomas No. 2', NULL, NULL),
(215, 14, 'Altos del Poblado', NULL, NULL),
(216, 14, 'El Tesoro', NULL, NULL),
(217, 14, 'Los Naranjos', NULL, NULL),
(218, 14, 'Los Balsos No. 1', NULL, NULL),
(219, 14, 'Los Balsos No. 2', NULL, NULL),
(220, 14, 'San Lucas', NULL, NULL),
(221, 14, 'El Diamante No. 2', NULL, NULL),
(222, 14, 'El Castillo', NULL, NULL),
(223, 14, 'Alejandría', NULL, NULL),
(224, 14, 'La Florida', NULL, NULL),
(225, 14, 'Manila', NULL, NULL),
(226, 14, 'Astorga', NULL, NULL),
(227, 14, 'Patio Bonito', NULL, NULL),
(228, 14, 'La Aguacatala', NULL, NULL),
(229, 14, 'Santa María de los Ángeles', NULL, NULL),
(230, 15, 'Guayabal', NULL, NULL),
(231, 15, 'Tenche', NULL, NULL),
(232, 15, 'Trinidad', NULL, NULL),
(233, 15, 'Santa Fe', NULL, NULL),
(234, 15, 'Shellmar', NULL, NULL),
(235, 15, 'San Pablo (Com.15)', NULL, NULL),
(236, 15, 'Parque Juan Pablo II', NULL, NULL),
(237, 15, 'Campo Amor, Noel', NULL, NULL),
(238, 15, 'Cristo Rey', NULL, NULL),
(239, 15, 'La Colina', NULL, NULL),
(240, 16, 'Belén', NULL, NULL),
(241, 16, 'Fatima', NULL, NULL),
(242, 16, 'Tenche', NULL, NULL),
(243, 16, 'Rosales', NULL, NULL),
(244, 16, 'Granada', NULL, NULL),
(245, 16, 'San Bernardo', NULL, NULL),
(246, 16, 'Las Playas', NULL, NULL),
(247, 16, 'Diego Echavarría', NULL, NULL),
(248, 16, 'La Mota', NULL, NULL),
(249, 16, 'Rodeo Alto', NULL, NULL),
(250, 16, 'El Rincón', NULL, NULL),
(251, 16, 'La Loma de los Bernal', NULL, NULL),
(252, 16, 'La Gloria', NULL, NULL),
(253, 16, 'Altavista (Com.16)', NULL, NULL),
(254, 16, 'La Palma', NULL, NULL),
(255, 16, 'Zafra', NULL, NULL),
(256, 16, 'Los Alpes', NULL, NULL),
(257, 16, 'Las Violetas', NULL, NULL),
(258, 16, 'Las Mercedes', NULL, NULL),
(259, 16, 'Nueva Villa de Aburrá', NULL, NULL),
(260, 16, 'Miravalle', NULL, NULL),
(261, 16, 'El Nogal - Los Almendros', NULL, NULL),
(262, 16, 'Cerro Nutibara', NULL, NULL),
(263, 17, 'San Sebastián de Palmitas', NULL, NULL),
(264, 18, 'San Cristóbal (Correg.)', NULL, NULL),
(265, 19, 'Altavista (Correg.)', NULL, NULL),
(266, 20, 'San Antonio de Prado (Correg.)', NULL, NULL),
(267, 21, 'Santa Elena (Correg.)', NULL, NULL);

--
-- Volcado de datos para la tabla `puesto_votacions`
--

INSERT INTO `puesto_votacions` (`id`, `barrio_id`, `nombre`, `mesas`, `created_at`, `updated_at`, `comuna_id`) VALUES
(1, 9, 'Sec. Esc. La Esperanza No. 2', NULL, NULL, NULL, 1),
(12, 2, 'I.E. La Candelaria', NULL, '2017-12-12 01:04:15', '2017-12-12 01:04:15', 1),
(13, 4, 'I.E. María de los Ángeles Cano Márquex', NULL, '2017-12-12 01:06:21', '2017-12-12 01:06:21', 1),
(14, 7, 'Sec. Esc. Medellín', NULL, '2017-12-12 01:08:04', '2017-12-12 01:08:04', 1),
(15, 4, 'I.E. Fe y Alegría Granizal', NULL, '2017-12-12 01:08:41', '2017-12-12 01:08:41', 1),
(16, 1, 'Sec. Esc. Pablo VI', NULL, '2017-12-12 01:09:15', '2017-12-12 01:09:15', 1),
(17, 6, 'Sec. Esc. Agripina Montes del Valle', NULL, '2017-12-12 01:09:45', '2017-12-12 01:09:45', 1),
(18, 1, 'I.E. Federico Carrasquilla', NULL, '2017-12-12 01:10:04', '2017-12-12 01:10:04', 1),
(19, 1, 'Sec. Esc. Divina Providencia', NULL, '2017-12-12 01:12:03', '2017-12-12 01:12:03', 1),
(20, 6, 'I.E. Guadalupe', NULL, '2017-12-12 01:30:45', '2017-12-12 01:30:45', 1),
(21, 17, 'I.E. Asia Ignaciana', NULL, '2017-12-12 01:31:54', '2017-12-12 01:31:54', 2),
(22, 19, 'Sec. Esc. Manuel Uribe Ángel', NULL, '2017-12-12 01:40:40', '2017-12-12 01:40:40', 2),
(23, 20, 'Sec. Esc. República de Nicaragua', NULL, '2017-12-12 01:41:03', '2017-12-12 01:41:03', 2),
(24, 14, 'I.E. Fé y Alegría José María Velaz', NULL, '2017-12-12 01:41:59', '2017-12-12 01:41:59', 2),
(25, 22, 'I.E. Barrio Santa Cruz', NULL, '2017-12-12 01:42:28', '2017-12-12 01:42:28', 2),
(26, 22, 'Sec. Esc. Arzobispo García', NULL, '2017-12-12 01:43:04', '2017-12-12 01:43:04', 2),
(27, 23, 'I.E. República de Honduras', NULL, '2017-12-12 01:43:30', '2017-12-12 01:43:30', 2),
(28, 25, 'I.E. República de Barbados', NULL, '2017-12-12 01:47:43', '2017-12-12 01:47:43', 3),
(29, 27, 'I.E. San Lorenzo de Aburrá', NULL, '2017-12-12 01:48:18', '2017-12-12 01:48:18', 3),
(30, 31, 'I.E. Manuela Beltrán', NULL, '2017-12-12 01:55:20', '2017-12-12 01:55:20', 3),
(31, 31, 'Sec. Esc. San José', NULL, '2017-12-12 04:00:43', '2017-12-12 04:00:43', 3),
(32, 28, 'I.E. Ramón Múnera Lopera', NULL, '2017-12-12 04:01:12', '2017-12-12 04:01:12', 3),
(33, 24, 'I.E. José Antonio Galán', NULL, '2017-12-12 04:01:56', '2017-12-12 04:01:56', 3),
(34, 48, 'I.E. Hernán Toro Agudelo', NULL, '2017-12-12 04:02:22', '2017-12-12 04:02:22', 3),
(35, 48, 'I.E. Pedro Luis Villa', NULL, '2017-12-12 04:02:56', '2017-12-12 04:02:56', 3),
(36, 41, 'Col. Agustiniano de San Nicolás', NULL, '2017-12-12 04:03:25', '2017-12-12 04:03:25', 4),
(37, 40, 'I.E. Monseñor Fco. Cristóbal Toro', NULL, '2017-12-12 04:04:22', '2017-12-12 04:04:22', 4),
(38, 40, 'I.E. Gilberto Alzate Avendaño', NULL, '2017-12-12 04:05:02', '2017-12-12 04:05:02', 4),
(39, 49, 'I.E. Campo Valdés', NULL, '2017-12-12 04:06:01', '2017-12-12 04:06:01', 4),
(40, 53, 'I.E. San Juan Bosco', NULL, '2017-12-12 04:06:22', '2017-12-12 04:06:22', 4),
(41, 49, 'I.E. Alfonso Mora Naranjo', NULL, '2017-12-12 04:06:54', '2017-12-12 04:06:54', 4),
(42, 49, 'I.E. José María Bravo Márquez', NULL, '2017-12-12 04:07:42', '2017-12-12 04:07:42', 4),
(43, 53, 'I.E. Francisco Miranda', NULL, '2017-12-12 04:08:15', '2017-12-12 04:08:15', 4),
(44, 46, 'I.E. Javiera Londoño', NULL, '2017-12-12 04:08:53', '2017-12-12 04:08:53', 4),
(45, 45, 'I.E. El Bosque', NULL, '2017-12-12 04:09:13', '2017-12-12 04:09:13', 4),
(46, 60, 'I.E. Julio César García', NULL, '2017-12-12 04:15:01', '2017-12-12 04:15:01', 5),
(47, 59, 'Sec. Esc. Eduardo Uribe Botero', NULL, '2017-12-12 04:15:28', '2017-12-12 04:23:10', 5),
(48, 62, 'I.E. Sebastián de Belalcazar', NULL, '2017-12-12 04:21:37', '2017-12-12 04:23:03', 5),
(49, 64, 'Sec. Esc. Tricentenario', NULL, '2017-12-12 04:22:23', '2017-12-12 04:22:23', 5),
(50, 65, 'I.E. María Montessori', NULL, '2017-12-12 04:24:01', '2017-12-12 04:24:01', 5),
(51, 66, 'I.E. República de Uruguay', NULL, '2017-12-12 04:24:20', '2017-12-12 04:24:20', 5),
(52, 54, 'I.E. Maestro Arenas Betancur', NULL, '2017-12-12 04:24:40', '2017-12-12 04:24:40', 5),
(53, 66, 'I.E. Dinamarca', NULL, '2017-12-12 04:25:03', '2017-12-12 04:25:03', 5),
(54, 71, 'I.E. Ciudadela Las Américas', NULL, '2017-12-12 04:25:57', '2017-12-12 04:25:57', 6),
(55, 69, 'Col. Vida y Paz Progresar Unidos', NULL, '2017-12-12 04:26:36', '2017-12-12 04:26:36', 6),
(56, 70, 'Sec. Esc. León de Greiff', NULL, '2017-12-12 04:27:05', '2017-12-12 04:27:05', 6),
(57, 70, 'I.E. Doce de Octubre', NULL, '2017-12-12 04:27:30', '2017-12-12 04:27:30', 6),
(58, 72, 'Sec. Esc. Pedregal', NULL, '2017-12-12 04:28:08', '2017-12-12 04:28:08', 6),
(59, 75, 'I.E. El Triunfo Santa Teresa', NULL, '2017-12-12 04:28:59', '2017-12-12 04:28:59', 6),
(60, 72, 'I.E. Maestro Fernando Botero', NULL, '2017-12-12 04:29:30', '2017-12-12 04:29:30', 6),
(61, 72, 'I.E. Alfredo Cock Arango', NULL, '2017-12-12 04:29:53', '2017-12-12 04:29:53', 6),
(62, 74, 'Sec. Esc. San Martín de Porres', NULL, '2017-12-12 04:31:31', '2017-12-12 04:31:31', 6),
(63, 75, 'I.E. Kennedy', NULL, '2017-12-12 04:31:50', '2017-12-12 04:31:50', 6),
(64, 75, 'Sec. Concentración Educ. Kennedy', NULL, '2017-12-12 04:32:24', '2017-12-12 04:32:24', 6),
(65, 75, 'I.E. Jorge Eliécer Gaitán (Principal)', NULL, '2017-12-12 04:33:06', '2017-12-12 04:33:06', 6),
(66, 73, 'I.E. La Esperanza', NULL, '2017-12-12 04:34:00', '2017-12-12 04:34:00', 6),
(67, 87, 'I.E. San Vicente de Paul', NULL, '2017-12-12 05:23:02', '2017-12-12 05:23:02', 7),
(68, 90, 'Sec. Esc. El Diamante', NULL, '2017-12-12 05:23:38', '2017-12-12 05:23:38', 7),
(69, 90, 'I.E. El Diamante (Sede Bachillerato)', NULL, '2017-12-12 05:24:26', '2017-12-12 05:24:26', 7),
(70, 91, 'I.E. Fe y Alegría de la Candelaria', NULL, '2017-12-12 05:24:59', '2017-12-12 05:24:59', 7),
(71, 87, 'Tecnológico de Antioquia', NULL, '2017-12-12 05:30:50', '2017-12-12 05:30:50', 7),
(72, 83, 'I.E. Mon. Gerardo Valencia Cano', NULL, '2017-12-12 05:31:27', '2017-12-12 05:31:27', 7),
(73, 81, 'I.E. Jorge Robledo', NULL, '2017-12-12 05:40:04', '2017-12-12 05:40:04', 7),
(74, 81, 'I.E. Mariscal Robledo', NULL, '2017-12-12 05:40:38', '2017-12-12 05:40:38', 7),
(75, 98, 'Sec. Esc. Santa Margarita', NULL, '2017-12-12 05:41:22', '2017-12-12 05:41:22', 7),
(76, 81, 'Colegio Ferrini', NULL, '2017-12-12 05:42:30', '2017-12-12 05:42:30', 7),
(77, 104, 'I.E. Juan de Dios Carvajal', NULL, '2017-12-12 05:49:53', '2017-12-12 05:49:53', 8),
(78, 106, 'I.E. Juan de la Cruz Posada', NULL, '2017-12-12 05:50:24', '2017-12-12 05:50:24', 8),
(79, 105, 'I.E. José Celestino Mutis', NULL, '2017-12-12 05:50:41', '2017-12-12 05:50:41', 8),
(80, 112, 'Inst. Metropolitano (I.T.M.)', NULL, '2017-12-12 05:51:50', '2017-12-12 05:51:50', 8),
(81, 111, 'Sec. Esc. Julia Agudelo', NULL, '2017-12-12 05:52:16', '2017-12-12 05:52:16', 8),
(82, 110, 'Sec. Esc. Niño Jesús Praga', NULL, '2017-12-12 05:52:44', '2017-12-12 05:52:44', 8),
(83, 114, 'I.E. Sol de Oriente', NULL, '2017-12-12 05:53:35', '2017-12-12 05:53:35', 8),
(84, 120, 'I.E. Villa Turbay', NULL, '2017-12-12 05:54:20', '2017-12-12 05:54:20', 8),
(85, 118, 'Sec. Esc. Las Estancias', NULL, '2017-12-12 05:54:46', '2017-12-12 05:54:46', 8),
(86, 116, 'Sec. Esc. Sor María Luisa Courbin', NULL, '2017-12-12 05:55:16', '2017-12-12 05:55:16', 8),
(87, 116, 'I.E. San Francisco de Asis', NULL, '2017-12-12 05:55:33', '2017-12-12 05:55:33', 8),
(88, 113, 'Sec. Esc. República del Perú', NULL, '2017-12-12 05:55:56', '2017-12-12 05:55:56', 8),
(89, 130, 'I.E. Guadalupano La Salle', NULL, '2017-12-12 05:56:50', '2017-12-12 05:56:50', 9),
(90, 128, 'I.E. Merceditas Gómez Martínez', NULL, '2017-12-12 05:57:11', '2017-12-12 05:57:11', 9),
(91, 133, 'I.E. La Milagrosa', NULL, '2017-12-12 05:59:29', '2017-12-12 05:59:29', 9),
(92, 136, 'I.E. Loreto', NULL, '2017-12-12 06:29:47', '2017-12-12 06:29:47', 9),
(93, 125, 'I.E. Federico Ozanam', NULL, '2017-12-12 06:30:17', '2017-12-12 06:30:17', 9),
(94, 125, 'Esc. Normal Superior Antioqueña', NULL, '2017-12-12 06:30:42', '2017-12-12 06:30:42', 9),
(95, 135, 'Sec. Esc. José de San Martín', NULL, '2017-12-12 06:31:25', '2017-12-12 06:31:25', 9),
(96, 143, 'I.E. Tulio Ospina', NULL, '2017-12-12 06:31:49', '2017-12-12 06:33:01', 10),
(97, 155, 'Sec. Esc. Agustín Nieto Caballero', NULL, '2017-12-12 06:33:24', '2017-12-12 06:33:24', 10),
(98, 154, 'Col. Salesiano El Sufragio', NULL, '2017-12-12 06:33:51', '2017-12-12 06:33:51', 10),
(99, 154, 'I.E. CEFA', NULL, '2017-12-12 06:34:18', '2017-12-12 06:34:18', 10),
(100, 154, 'I.E. Héctor Abad Gómez', NULL, '2017-12-12 06:36:48', '2017-12-12 06:36:48', 10),
(101, 157, 'Centro Ccial. San Diego', NULL, '2017-12-12 06:37:23', '2017-12-12 06:37:23', 10),
(102, 146, 'SENA', NULL, '2017-12-12 06:39:57', '2017-12-12 06:39:57', 10),
(103, 160, 'Inst. Jorge Robledo', NULL, '2017-12-12 06:40:25', '2017-12-12 06:40:25', 11),
(104, 163, 'I.E. Mater Dei', NULL, '2017-12-12 06:40:53', '2017-12-12 06:40:53', 11),
(105, 169, 'I.E. Marco Fidel Suárez', NULL, '2017-12-12 06:41:22', '2017-12-12 06:41:22', 11),
(106, 170, 'Col. Calasanz Femenino', NULL, '2017-12-12 06:42:10', '2017-12-12 06:42:10', 11),
(107, 168, 'Sec. Esc. Agrupación Colombia', NULL, '2017-12-12 06:44:24', '2017-12-12 06:44:24', 11),
(108, 167, 'I.E. Lucrecio Jaramillo Vélez', NULL, '2017-12-12 06:44:48', '2017-12-12 06:44:48', 11),
(109, 159, 'Colegio Betlehemitas', NULL, '2017-12-12 06:45:37', '2017-12-12 06:45:37', 11),
(110, 172, 'Col. San Ignacio (Sec. Infantil)', NULL, '2017-12-12 06:46:01', '2017-12-12 06:46:01', 11),
(111, 178, 'Sec. Esc. Santa Lucía', NULL, '2017-12-12 06:46:39', '2017-12-12 06:46:39', 12),
(112, 177, 'I.E. Concejo de Medellín', NULL, '2017-12-12 06:47:03', '2017-12-12 06:47:03', 12),
(113, 174, 'I.E. La Piedad', NULL, '2017-12-12 06:47:38', '2017-12-12 06:47:38', 12),
(114, 177, 'I.E. Santa Rosa de Lima', NULL, '2017-12-12 06:47:59', '2017-12-12 06:47:59', 12),
(115, 173, 'I.E. Rafael Uribe Uribe', NULL, '2017-12-12 06:48:18', '2017-12-12 06:48:18', 12),
(116, 173, 'Sec. Esc. Rafael Uribe Uribe', NULL, '2017-12-12 06:49:12', '2017-12-12 06:49:12', 12),
(117, 182, 'Sec. Esc. Pedro de Castro', NULL, '2017-12-12 06:49:50', '2017-12-12 06:49:50', 12),
(118, 183, 'I.E. Francisco Antonio Zea', NULL, '2017-12-12 06:50:21', '2017-12-12 06:50:21', 12),
(119, 181, 'I.E. América', NULL, '2017-12-12 06:50:42', '2017-12-12 06:50:42', 12),
(120, 180, 'I.E. Samuel Barrientos', NULL, '2017-12-12 06:51:06', '2017-12-12 06:51:06', 12),
(121, 189, 'I.E. Blanquizal', NULL, '2017-12-12 06:51:59', '2017-12-12 06:51:59', 13),
(122, 190, 'Sec. Esc. República de Panamá', NULL, '2017-12-12 06:52:49', '2017-12-12 06:52:49', 13),
(123, 193, 'I.E. Juan XXIII', NULL, '2017-12-12 06:53:24', '2017-12-12 06:53:24', 13),
(124, 186, 'Sec. Esc. Monseñor Perdomo', NULL, '2017-12-12 06:53:43', '2017-12-12 06:53:43', 13),
(125, 186, 'Sec. Esc. Pio XII', NULL, '2017-12-12 06:55:14', '2017-12-12 06:55:14', 13),
(126, 193, 'I.E. Stella Vélez Londoño', NULL, '2017-12-12 06:55:47', '2017-12-12 06:55:47', 13),
(127, 202, 'I.E. La Independencia', NULL, '2017-12-12 06:57:59', '2017-12-12 06:57:59', 13),
(128, 187, 'Sec. Esc. El Socorro', NULL, '2017-12-12 06:58:20', '2017-12-12 06:58:20', 13),
(129, 198, 'Sec. Esc. Mixta Betania', NULL, '2017-12-12 06:58:44', '2017-12-12 06:58:44', 13),
(130, 199, 'I.E. El Corazón', NULL, '2017-12-12 10:21:49', '2017-12-12 10:21:49', 13),
(131, 203, 'I.E. Eduardo Santos', NULL, '2017-12-12 10:30:44', '2017-12-12 10:30:44', 13),
(132, 196, 'I.E. Carlos Vieco', NULL, '2017-12-12 10:31:04', '2017-12-12 10:31:04', 13),
(133, 218, 'Col. Santa María del Rosario', NULL, '2017-12-12 10:31:31', '2017-12-12 10:31:31', 14),
(134, 216, 'Col. Marymount', NULL, '2017-12-12 10:31:53', '2017-12-12 10:31:53', 14),
(135, 224, 'Col. Palermo de San José', NULL, '2017-12-12 10:32:23', '2017-12-12 10:32:23', 14),
(136, 225, 'Politécnico Jaime Isaza Cadavid', NULL, '2017-12-12 10:33:02', '2017-12-12 10:33:02', 14),
(137, 227, 'I.E. INEM José Félix de Restrepo', NULL, '2017-12-12 10:33:34', '2017-12-12 10:33:34', 14),
(138, 225, 'Universidad EAFIT', NULL, '2017-12-12 10:33:54', '2017-12-12 10:33:54', 14),
(139, 218, 'Col. de la Comp. de María La Enseñanza', NULL, '2017-12-12 10:34:36', '2017-12-12 10:34:36', 14),
(140, 232, 'Sec. Esc. Santísima Trinidad', NULL, '2017-12-12 10:35:01', '2017-12-12 10:35:01', 15),
(141, 233, 'I.E. Benjamin Herrera', NULL, '2017-12-12 10:35:22', '2017-12-12 10:35:22', 15),
(142, 238, 'I.E. Cristo Rey', NULL, '2017-12-12 10:35:41', '2017-12-12 10:35:41', 15),
(143, 239, 'Sec. Esc. La Colina', NULL, '2017-12-12 10:48:30', '2017-12-12 10:48:30', 15),
(144, 237, 'I.E. La Salle Campo Amor', NULL, '2017-12-12 10:49:10', '2017-12-12 10:49:10', 15),
(145, 241, 'I.E. Fátima Nutibara', NULL, '2017-12-12 10:50:02', '2017-12-12 10:50:02', 16),
(146, 241, 'Esc. Sofía Ospina de Navarro', NULL, '2017-12-12 10:50:26', '2017-12-12 10:50:26', 16),
(147, 240, 'I.E. Juan María Céspedes', NULL, '2017-12-12 10:51:04', '2017-12-12 10:51:04', 16),
(148, 245, 'I.E. Guillermo Valencia', NULL, '2017-12-12 10:51:26', '2017-12-12 10:51:26', 16),
(149, 243, 'Unidad Deportiva Andrés Escobar', NULL, '2017-12-12 10:52:58', '2017-12-12 10:52:58', 16),
(150, 240, 'Liceo San Rafael', NULL, '2017-12-12 10:53:16', '2017-12-12 10:53:16', 16),
(151, 246, 'Sec. Esc. Jackeline Kennedy', NULL, '2017-12-12 10:53:37', '2017-12-12 10:53:37', 16),
(152, 246, 'I.E. José María Bernal', NULL, '2017-12-12 10:54:08', '2017-12-12 10:54:08', 16),
(153, 240, 'Inst. San Carlos de la Salle', NULL, '2017-12-12 10:54:38', '2017-12-12 10:54:38', 16),
(154, 250, 'I.E. Alcaldía de Medellín', NULL, '2017-12-12 11:01:18', '2017-12-12 11:01:18', 16),
(155, 251, 'Col. Padre Manyanet', NULL, '2017-12-12 11:02:08', '2017-12-12 11:02:08', 16),
(156, 35, 'I.E. Campillas del Rosario', NULL, '2017-12-12 11:02:39', '2017-12-12 11:02:39', 16),
(157, 254, 'I.E. Ramón Giraldo Ceballos', NULL, '2017-12-12 11:03:10', '2017-12-12 11:03:10', 16),
(158, 256, 'Universidad de Medellín', NULL, '2017-12-12 11:03:40', '2017-12-12 11:03:40', 16),
(159, 258, 'I.E. Horacio Muñoz Suescun', NULL, '2017-12-12 11:04:27', '2017-12-12 11:04:27', 16),
(160, 257, 'I.E. República de Venezuela', NULL, '2017-12-12 11:04:56', '2017-12-12 11:04:56', 16),
(161, 258, 'I.E. San Roberto Belarmino', NULL, '2017-12-12 11:05:29', '2017-12-12 11:05:29', 16),
(162, 265, 'I.E. Debora Arango Pérez', NULL, '2017-12-12 11:19:25', '2017-12-12 11:19:25', 19),
(163, 266, 'San Antonio de Prado Fe y Alegría El Limonar', NULL, '2017-12-12 11:20:18', '2017-12-12 11:20:18', 20),
(164, 267, 'Casa de Gobierno Santa Elena', NULL, '2017-12-12 11:20:50', '2017-12-12 11:20:50', 21),
(165, 266, 'I.E. San Antonio de Prado', NULL, '2017-12-12 11:21:20', '2017-12-12 11:21:20', 20),
(166, 266, 'I.E. Manuel J. Betancur', NULL, '2017-12-12 11:21:48', '2017-12-12 11:21:48', 20),
(167, 264, 'I.E. San Cristóbal', NULL, '2017-12-12 11:22:18', '2017-12-12 11:22:18', 18),
(168, 264, 'Parque Biblioteca Fdo. Botero', NULL, '2017-12-12 11:22:48', '2017-12-12 11:22:48', 18);

--
-- Volcado de datos para la tabla `rols`
--

INSERT INTO `rols` (`id`, `nombre`, `created_at`, `updated_at`, `descripcion`) VALUES
(1, 'Administrador', '2017-10-15 22:28:49', '2017-12-09 22:57:30', 'Acceso ilimitado.'),
(2, 'Ajustes', '2017-10-16 03:46:02', '2017-12-08 03:53:28', 'Acceso únicamente a Ajustes. Puede usar cualquiera de sus opciones.'),
(3, 'Mapas y Administración', '2017-10-16 03:46:50', '2017-12-08 20:23:42', 'Acceso a Mapa y a Administración. Puede usar cualquiera de sus opciones.'),
(4, 'Mapas', '2017-10-16 03:49:05', '2017-12-08 04:15:12', 'Acceso únicamente a Mapa. Puede visualizar información mas no editarla.');

--
-- Volcado de datos para la tabla `corporacions`
--

INSERT INTO `corporacions` (`id`, `nombre`, `created_at`, `updated_at`) VALUES
(1, 'Asamblea', '2017-09-17 21:28:06', '2017-10-09 19:38:59'),
(3, 'Senado', '2017-12-12 12:26:36', '2017-12-12 12:26:36'),
(4, 'Concejo', '2017-12-12 12:30:16', '2020-01-30 04:54:10'),
(5, 'Cámara', '2017-12-12 12:31:24', '2020-01-30 04:54:39');

--
-- Volcado de datos para la tabla `fila_electorals`
--

INSERT INTO `fila_electorals` (`id`, `id_municipio`, `id_corporacion`, `votostotales`, `votoscandidato`, `votospartido`, `potencialelectoral`, `anio`, `created_at`, `updated_at`, `id_comuna`) VALUES
(64, 70, 1, 5000, 900, 1400, 12000, 2001, '2017-12-07 10:33:47', '2020-01-30 04:47:05', NULL),
(70, 27, 1, 67, 67, 6, 6, 678, '2017-12-07 10:39:36', '2017-12-07 10:39:36', NULL),
(71, 71, 1, 6, 6, 6, 6, 6, '2017-12-07 10:39:37', '2017-12-07 10:39:37', NULL),
(72, 34, 1, 10, 10, 10, 10, 10, '2017-12-07 10:39:37', '2017-12-07 10:39:37', NULL),
(73, 81, 1, 88, 88, 88, 88, 88, '2017-12-07 10:39:37', '2017-12-07 10:39:37', NULL),
(74, 2, 1, 99, 99, 99, 99, 99, '2017-12-07 10:39:37', '2017-12-07 10:39:37', NULL),
(81, NULL, 1, NULL, NULL, NULL, NULL, 4, '2017-12-08 01:42:22', '2017-12-08 01:42:41', 2),
(83, 70, 1, 6, 6, 6, 6, 2001, '2017-12-11 23:31:58', '2017-12-11 23:31:58', NULL);

--
-- Volcado de datos para la tabla `liders`
--

INSERT INTO `liders` (`id`, `nombre`, `cedula`, `correo`, `telefono`, `nivel`, `tipolider`, `activo`, `votosestimados`, `id_municipio`, `created_at`, `updated_at`, `id_comuna`, `puesto_votacion_id`) VALUES
(1, 'Daniela Morales', '9837659109', 'daniela.morales@yahoo.com', '3434895907', '2', 'Jefe de hospital', '1', 1500, 70, '2017-10-09 10:09:37', '2020-01-30 04:37:34', NULL, NULL),
(3, 'Alejandro Gómez', '713458932', 'alejo.gomez@hotmail.com', '310789564', '1', 'Jefe de bomberos', '1', 500, 70, '2017-10-09 11:24:23', '2020-01-30 04:39:30', NULL, NULL),
(4, 'Andrés Vargas', '729803004', 'angres.vargas@gmail.com', '3104589876', '2', 'Director de colegio', '1', 5000, 70, '2017-10-10 10:28:37', '2020-01-30 04:37:54', NULL, NULL),
(6, 'Juliana Restrepo', '64576918', 'juli8901@hotmail.com', '3549847134', '2', 'Líder de mercadeo', '0', 750, 70, '2017-10-11 22:19:33', '2020-01-30 04:41:21', NULL, NULL),
(20, 'Luis Fernando Gonzales', '12345678', 'lufergon@yahoo.com', '3402901822', '3', 'Trabaja en la alcaldía', '1', 1300, 14, '2017-12-15 21:20:14', '2020-01-30 04:45:47', 14, 41),
(21, 'Alejandro Mora', NULL, NULL, NULL, NULL, NULL, '1', 60, NULL, '2017-12-15 21:22:01', '2017-12-15 21:22:01', 14, 134),
(22, 'Andrés Julián', '1010092346', 'andres.restrepo@gmail.com', '3204351098', '3', 'Líder social del barrio', '1', 900, 2, '2020-01-30 04:28:14', '2020-01-30 04:42:58', NULL, NULL);


--
-- Volcado de datos para la tabla `compromisos`
--

INSERT INTO `compromisos` (`id`, `id_lider`, `nombre`, `descripcion`, `cumplimiento`, `costo`, `created_at`, `updated_at`) VALUES
(5, 1, 'Dar una conferencia', 'Explicar posibles riesgos de elegir ciertos candidatos para la población', 1, 450000, '2017-10-11 22:25:44', '2020-01-30 04:48:41'),
(6, 1, 'Repartir regalos', 'Comprar y repartir regalos para aumentar preferencia por un candidato', 0, 1200000, '2017-10-11 22:26:26', '2020-01-30 04:49:29'),
(7, 3, 'Comprar libros', 'Libros para personas de bajos recursos', 1, 500000, '2017-10-11 22:27:34', '2020-01-30 04:48:00');

--
-- Volcado de datos para la tabla `visitas`
--

INSERT INTO `visitas` (`id`, `notas`, `llegada`, `salida`, `id_municipio`, `created_at`, `updated_at`) VALUES
(2, 'Se visitó el parque y se dio un discurso', '2017-10-17', '2017-10-17', 70, '2017-10-17 06:13:23', '2017-10-17 06:13:23'),
(3, 'sdf', '2017-12-07', '2017-12-07', 27, '2017-12-08 01:14:45', '2017-12-08 01:14:45'),
(4, 'ñ,.', '2017-12-07', '2017-12-07', 71, '2017-12-08 01:22:07', '2017-12-08 01:22:07'),
(5, 'ñlj', '2017-12-12', '2017-12-12', 3, '2017-12-12 12:26:55', '2017-12-12 12:26:55');

--
-- Volcado de datos para la tabla `users`
--

INSERT INTO `users` (`id`, `name`, `email`, `password`, `remember_token`, `created_at`, `updated_at`, `id_rol`) VALUES
(5, 'Jani', 'Doe@dai.com', '$2y$10$OzqM5RN6UUXq7N9uSpXvjuVwThUj/03.hwOjWWdei3yx598ZRcBOS', 'KN7KHM9kHHzx0PysbkjtItmPdvcnZ0wwdEdRYx92rh0FxEPReTUE3qVDNH6Z', '2017-10-16 10:01:18', '2017-12-08 10:32:59', 2),
(6, 'Jan', 'Dae@jan.com', '$2y$10$a/Cr.G/Scs35SZ/m0GU1pu6Jn0EvEMsD5Je0yIf/0mR.4KOzgxr.a', NULL, '2017-12-08 10:32:27', '2017-12-08 10:32:37', 2),
(7, 'Neat', 'ne@at.com', '$2y$10$73li4y1.Wt52ucTUwvaXk.s99mQZTCScGNsKYQJRWwJLg43/UtHgm', NULL, '2017-12-08 20:23:31', '2017-12-08 20:23:31', 3),
(8, 'Daniel', 'Doe@dea.com', '$2y$10$dMjNHuai7yGi/SokQl0GzOpPmjJXMKZsbVdRfWlLeeW0mAifEgvg2', '00ufNlyBb27cs9h2FYStug6fftFwtBQcEd63xOpJx6oRso6Gr782XpYu9CEz', '2020-01-30 05:06:46', '2020-01-30 05:06:46', 1),
(9, 'root', 'root@larvoztrapk.com', '$2y$10$vaUxrQooACysRqZY/b73/u9ydW9f8le9m3PVsI9b8Nj8j0mdFsziq', NULL, '2020-01-30 05:10:30', '2020-01-30 05:10:30', 1);

--
-- Volcado de datos para la tabla `password_resets`
--

INSERT INTO `password_resets` (`email`, `token`, `created_at`) VALUES
('Doe@die.com', '$2y$10$ciug6yUwqw1x1nCp1Y/Al.AOu5sc6CzvDUMut1oqKEui1zLsYAoJC', '2017-10-16 09:44:30');

COMMIT;

/*!40101 SET CHARACTER_SET_CLIENT=@OLD_CHARACTER_SET_CLIENT */;
/*!40101 SET CHARACTER_SET_RESULTS=@OLD_CHARACTER_SET_RESULTS */;
/*!40101 SET COLLATION_CONNECTION=@OLD_COLLATION_CONNECTION */;
